<TICKER>,<PER>,<DATE>,<TIME>,<OPEN>,<HIGH>,<LOW>,<CLOSE>,<VOL>
TATN,D,06/12/18,00:00:00,767.9000000,778.4000000,753.5000000,765.0000000,1813660
TATN,D,07/12/18,00:00:00,766.9000000,782.4000000,750.9000000,776.0000000,1610990
TATN,D,10/12/18,00:00:00,769.3000000,771.7000000,759.9000000,759.9000000,917360
TATN,D,11/12/18,00:00:00,760.0000000,772.8000000,747.8000000,760.0000000,1377680
TATN,D,12/12/18,00:00:00,765.0000000,766.0000000,738.7000000,738.7000000,1205690
TATN,D,13/12/18,00:00:00,739.9000000,746.1000000,730.0000000,736.0000000,1351850
TATN,D,14/12/18,00:00:00,736.0000000,737.0000000,722.2000000,726.4000000,729760
TATN,D,17/12/18,00:00:00,726.7000000,738.1000000,721.5000000,727.0000000,632730
TATN,D,18/12/18,00:00:00,719.7000000,728.3000000,715.1000000,719.6000000,1431950
TATN,D,19/12/18,00:00:00,716.0000000,720.0000000,700.7000000,714.3000000,1680290
TATN,D,20/12/18,00:00:00,706.2000000,714.7000000,701.0000000,714.7000000,1419640
TATN,D,21/12/18,00:00:00,710.0000000,713.9000000,693.4000000,710.0000000,2764040
TATN,D,24/12/18,00:00:00,707.0000000,710.3000000,697.7000000,703.0000000,379540
TATN,D,25/12/18,00:00:00,695.0000000,703.0000000,680.5000000,696.8000000,379120
TATN,D,26/12/18,00:00:00,700.1000000,719.9000000,694.9000000,712.0000000,297030
TATN,D,27/12/18,00:00:00,725.9000000,727.0000000,711.1000000,717.0000000,894200
TATN,D,28/12/18,00:00:00,720.0000000,746.7000000,716.8000000,737.8000000,1242470
TATN,D,29/12/18,00:00:00,734.9000000,741.8000000,649.4000000,737.9000000,17339
TATN,D,03/01/19,00:00:00,737.9000000,737.9000000,715.7000000,731.8000000,1189570
TATN,D,04/01/19,00:00:00,734.2000000,737.7000000,726.2000000,737.7000000,1026610
TATN,D,08/01/19,00:00:00,715.8000000,724.0000000,708.1000000,723.2000000,1682220
TATN,D,09/01/19,00:00:00,722.2000000,723.8000000,710.1000000,717.9000000,1250860
TATN,D,10/01/19,00:00:00,718.2000000,733.0000000,712.1000000,732.6000000,1566140
TATN,D,11/01/19,00:00:00,732.0000000,732.0000000,721.3000000,730.3000000,1411380
TATN,D,14/01/19,00:00:00,728.2000000,728.6000000,719.3000000,725.0000000,1088030
TATN,D,15/01/19,00:00:00,726.0000000,731.9000000,719.1000000,721.0000000,1526180
TATN,D,16/01/19,00:00:00,720.0000000,728.5000000,718.6000000,722.0000000,1637560
TATN,D,17/01/19,00:00:00,724.4000000,735.1000000,716.5000000,734.1000000,1991860
TATN,D,18/01/19,00:00:00,733.8000000,742.9000000,729.1000000,741.0000000,1283910
TATN,D,21/01/19,00:00:00,738.0000000,742.4000000,732.6000000,735.4000000,691020
TATN,D,22/01/19,00:00:00,732.7000000,751.9000000,728.7000000,750.5000000,1713780
TATN,D,23/01/19,00:00:00,748.1000000,784.3000000,746.3000000,784.0000000,2071460
TATN,D,24/01/19,00:00:00,782.9000000,783.0000000,765.3000000,772.9000000,1467320
TATN,D,25/01/19,00:00:00,775.9000000,798.9000000,770.0000000,798.9000000,1329960
TATN,D,28/01/19,00:00:00,796.4000000,805.0000000,785.9000000,791.4000000,1623570
TATN,D,29/01/19,00:00:00,791.0000000,799.8000000,781.0000000,798.8000000,1322280
TATN,D,30/01/19,00:00:00,797.1000000,806.9000000,792.2000000,806.9000000,1255970
TATN,D,31/01/19,00:00:00,811.0000000,814.9000000,801.9000000,806.9000000,2037460
TATN,D,01/02/19,00:00:00,805.2000000,815.0000000,801.4000000,808.1000000,1336790
TATN,D,04/02/19,00:00:00,807.1000000,808.8000000,802.1000000,803.2000000,895990
TATN,D,05/02/19,00:00:00,805.2000000,814.0000000,803.1000000,810.0000000,647890
TATN,D,06/02/19,00:00:00,807.9000000,811.0000000,798.5000000,804.0000000,945360
TATN,D,07/02/19,00:00:00,802.0000000,809.4000000,795.0000000,804.7000000,1004840
TATN,D,08/02/19,00:00:00,800.9000000,802.3000000,786.0000000,787.3000000,963560
TATN,D,11/02/19,00:00:00,788.1000000,795.0000000,778.6000000,780.0000000,898600
TATN,D,12/02/19,00:00:00,782.5000000,785.6000000,774.2000000,784.5000000,1113530
TATN,D,13/02/19,00:00:00,784.2000000,785.1000000,761.6000000,761.6000000,1212040
TATN,D,14/02/19,00:00:00,756.8000000,779.0000000,755.7000000,763.9000000,1408620
TATN,D,15/02/19,00:00:00,768.3000000,790.3000000,762.8000000,790.3000000,1192080
TATN,D,18/02/19,00:00:00,786.2000000,788.3000000,771.2000000,778.5000000,889470
TATN,D,19/02/19,00:00:00,778.0000000,781.9000000,770.0000000,772.8000000,621810
TATN,D,20/02/19,00:00:00,775.9000000,794.3000000,772.7000000,793.6000000,1394350
TATN,D,21/02/19,00:00:00,793.6000000,799.6000000,791.3000000,796.0000000,1275530
TATN,D,22/02/19,00:00:00,794.3000000,800.5000000,793.2000000,799.9000000,857710
TATN,D,25/02/19,00:00:00,799.9000000,800.0000000,783.0000000,787.1000000,948340
TATN,D,26/02/19,00:00:00,783.0000000,789.9000000,779.1000000,789.9000000,1096650
TATN,D,27/02/19,00:00:00,793.8000000,797.7000000,785.2000000,794.9000000,1581990
TATN,D,28/02/19,00:00:00,791.6000000,796.5000000,775.5000000,776.1000000,2348910
TATN,D,01/03/19,00:00:00,779.6000000,783.1000000,774.1000000,775.2000000,1177790
TATN,D,04/03/19,00:00:00,778.1000000,779.6000000,770.1000000,770.1000000,448960
TATN,D,05/03/19,00:00:00,768.0000000,770.0000000,760.0000000,760.0000000,620600
TATN,D,06/03/19,00:00:00,761.8000000,770.0000000,761.8000000,766.0000000,678410
TATN,D,07/03/19,00:00:00,766.2000000,767.1000000,753.9000000,755.2000000,917880
TATN,D,11/03/19,00:00:00,755.7000000,756.0000000,742.6000000,747.0000000,852160
TATN,D,12/03/19,00:00:00,749.0000000,751.3000000,727.9000000,732.5000000,1116870
TATN,D,13/03/19,00:00:00,734.3000000,734.3000000,716.6000000,729.0000000,1148560
TATN,D,14/03/19,00:00:00,730.0000000,737.8000000,724.1000000,731.8000000,1046370
TATN,D,15/03/19,00:00:00,731.7000000,744.4000000,729.4000000,743.8000000,2610930
TATN,D,18/03/19,00:00:00,742.8000000,757.8000000,737.0000000,753.1000000,1006930
TATN,D,19/03/19,00:00:00,755.0000000,768.1000000,751.5000000,767.0000000,1282350
TATN,D,20/03/19,00:00:00,767.1000000,780.0000000,760.8000000,772.6000000,1263400
TATN,D,21/03/19,00:00:00,773.6000000,783.0000000,757.6000000,768.0000000,2566330
TATN,D,22/03/19,00:00:00,765.9000000,772.8000000,753.0000000,757.2000000,1236470
TATN,D,25/03/19,00:00:00,752.0000000,758.5000000,745.8000000,747.2000000,701740
TATN,D,26/03/19,00:00:00,750.3000000,760.4000000,746.8000000,755.5000000,771580
TATN,D,27/03/19,00:00:00,757.8000000,765.0000000,744.2000000,746.9000000,785770
TATN,D,28/03/19,00:00:00,745.0000000,759.4000000,744.8000000,755.6000000,724890
TATN,D,29/03/19,00:00:00,757.6000000,764.8000000,748.9000000,755.0000000,1819040
TATN,D,01/04/19,00:00:00,755.6000000,763.3000000,750.7000000,750.7000000,760470
TATN,D,02/04/19,00:00:00,750.9000000,755.0000000,738.0000000,742.9000000,1044100
TATN,D,03/04/19,00:00:00,746.0000000,754.2000000,743.1000000,743.1000000,1159650
TATN,D,04/04/19,00:00:00,745.0000000,745.9000000,730.4000000,733.1000000,922510
TATN,D,05/04/19,00:00:00,734.5000000,738.0000000,726.4000000,731.2000000,627550
TATN,D,08/04/19,00:00:00,732.0000000,755.8000000,731.3000000,754.2000000,1282400
TATN,D,09/04/19,00:00:00,755.7000000,763.2000000,750.2000000,760.9000000,1156230
TATN,D,10/04/19,00:00:00,760.9000000,767.0000000,755.0000000,758.8000000,1947860
TATN,D,11/04/19,00:00:00,762.4000000,762.7000000,746.4000000,751.0000000,1053260
TATN,D,12/04/19,00:00:00,751.0000000,753.8000000,743.0000000,750.5000000,810650
TATN,D,15/04/19,00:00:00,750.6000000,751.6000000,738.8000000,741.9000000,633540
TATN,D,16/04/19,00:00:00,742.5000000,752.0000000,738.9000000,746.9000000,919610
TATN,D,17/04/19,00:00:00,750.9000000,754.9000000,745.1000000,751.6000000,1023430
TATN,D,18/04/19,00:00:00,749.2000000,750.0000000,741.0000000,749.2000000,638750
TATN,D,19/04/19,00:00:00,748.5000000,750.0000000,748.0000000,748.9000000,97720
TATN,D,22/04/19,00:00:00,750.1000000,756.5000000,750.1000000,752.0000000,150790
TATN,D,23/04/19,00:00:00,754.2000000,756.6000000,743.0000000,750.2000000,565110
TATN,D,24/04/19,00:00:00,748.1000000,753.5000000,740.3000000,743.5000000,1327780
TATN,D,25/04/19,00:00:00,742.4000000,744.6000000,734.1000000,738.2000000,1113420
TATN,D,26/04/19,00:00:00,738.9000000,777.3000000,733.2000000,767.3000000,3067830
TATN,D,29/04/19,00:00:00,765.5000000,767.3000000,749.5000000,754.9000000,1075880
TATN,D,30/04/19,00:00:00,753.8000000,764.4000000,751.1000000,757.5000000,1456370
TATN,D,02/05/19,00:00:00,757.5000000,769.7000000,753.3000000,754.1000000,907190
TATN,D,03/05/19,00:00:00,755.6000000,769.0000000,755.6000000,765.5000000,932500
TATN,D,06/05/19,00:00:00,761.0000000,769.0000000,755.2000000,765.3000000,485190
TATN,D,07/05/19,00:00:00,765.6000000,768.8000000,742.0000000,750.5000000,1750150
TATN,D,08/05/19,00:00:00,747.1000000,748.5000000,723.2000000,723.2000000,2018580
TATN,D,10/05/19,00:00:00,724.8000000,727.7000000,704.1000000,705.1000000,2050760
TATN,D,13/05/19,00:00:00,707.8000000,716.2000000,689.6000000,690.9000000,2105390
TATN,D,14/05/19,00:00:00,693.5000000,739.4000000,693.5000000,706.4000000,4416680
TATN,D,15/05/19,00:00:00,706.9000000,714.0000000,691.4000000,693.3000000,2029540
TATN,D,16/05/19,00:00:00,693.3000000,708.1000000,675.3000000,675.9000000,2594900
TATN,D,17/05/19,00:00:00,669.0000000,697.1000000,666.0000000,679.4000000,3396660
TATN,D,20/05/19,00:00:00,684.7000000,686.7000000,673.5000000,681.1000000,2055930
TATN,D,21/05/19,00:00:00,684.0000000,707.9000000,680.3000000,706.7000000,2015160
TATN,D,22/05/19,00:00:00,705.6000000,721.8000000,699.1000000,720.0000000,2291440
TATN,D,23/05/19,00:00:00,723.3000000,723.3000000,704.4000000,708.0000000,1454920
TATN,D,24/05/19,00:00:00,711.1000000,718.4000000,696.8000000,696.8000000,1559140
TATN,D,27/05/19,00:00:00,698.4000000,704.2000000,695.0000000,695.3000000,586730
TATN,D,28/05/19,00:00:00,696.2000000,714.4000000,685.0000000,702.8000000,6983900
TATN,D,29/05/19,00:00:00,700.1000000,725.9000000,697.5000000,725.9000000,2590220
TATN,D,30/05/19,00:00:00,725.8000000,759.5000000,725.1000000,754.1000000,2896310
TATN,D,31/05/19,00:00:00,744.0000000,759.0000000,735.0000000,748.5000000,2393440
TATN,D,03/06/19,00:00:00,746.8000000,760.8000000,740.5000000,759.9000000,1898120
TATN,D,04/06/19,00:00:00,759.9000000,771.5000000,752.1000000,766.9000000,2214710
TATN,D,05/06/19,00:00:00,769.7000000,769.7000000,744.6000000,755.7000000,1184300
TATN,D,06/06/19,00:00:00,755.7000000,763.3000000,752.0000000,758.6000000,1424140
TATN,D,07/06/19,00:00:00,768.8000000,775.0000000,753.6000000,753.6000000,1409860
TATN,D,10/06/19,00:00:00,757.0000000,761.8000000,752.4000000,759.4000000,972660
TATN,D,11/06/19,00:00:00,761.0000000,778.1000000,757.0000000,777.4000000,2893080
TATN,D,13/06/19,00:00:00,774.6000000,779.8000000,763.2000000,770.0000000,2007730
TATN,D,14/06/19,00:00:00,767.4000000,773.7000000,761.0000000,765.0000000,1327450
TATN,D,17/06/19,00:00:00,766.1000000,769.1000000,758.8000000,759.7000000,1108120
TATN,D,18/06/19,00:00:00,759.9000000,779.7000000,757.3000000,775.0000000,1474800
TATN,D,19/06/19,00:00:00,776.9000000,781.3000000,768.3000000,771.9000000,1109610
TATN,D,20/06/19,00:00:00,774.0000000,789.9000000,773.0000000,789.4000000,2759590
TATN,D,21/06/19,00:00:00,791.0000000,791.0000000,769.2000000,776.8000000,3198410
TATN,D,24/06/19,00:00:00,777.4000000,778.7000000,767.2000000,769.8000000,1359840
TATN,D,25/06/19,00:00:00,769.0000000,772.9000000,753.4000000,763.5000000,1430080
TATN,D,26/06/19,00:00:00,765.4000000,773.9000000,757.7000000,770.0000000,1931430
TATN,D,27/06/19,00:00:00,771.6000000,777.9000000,767.3000000,773.3000000,1422470
TATN,D,28/06/19,00:00:00,776.8000000,781.2000000,770.6000000,774.9000000,1328820
TATN,D,01/07/19,00:00:00,780.0000000,784.3000000,768.0000000,768.0000000,1575190
TATN,D,02/07/19,00:00:00,768.9000000,772.6000000,765.3000000,769.4000000,2443610
TATN,D,03/07/19,00:00:00,771.9000000,784.0000000,766.0000000,780.0000000,3172260
TATN,D,04/07/19,00:00:00,752.7000000,760.5000000,750.2000000,760.5000000,1849780
TATN,D,05/07/19,00:00:00,761.4000000,766.1000000,757.2000000,762.7000000,1378220
TATN,D,08/07/19,00:00:00,761.8000000,762.7000000,755.1000000,760.9000000,954100
TATN,D,09/07/19,00:00:00,758.5000000,765.0000000,748.7000000,753.6000000,1128520
TATN,D,10/07/19,00:00:00,754.0000000,755.2000000,745.2000000,748.0000000,874500
TATN,D,11/07/19,00:00:00,750.0000000,750.2000000,733.3000000,741.3000000,1125760
TATN,D,12/07/19,00:00:00,740.1000000,741.2000000,725.2000000,726.9000000,996740
TATN,D,15/07/19,00:00:00,728.1000000,731.9000000,717.5000000,717.5000000,790160
TATN,D,16/07/19,00:00:00,717.0000000,731.6000000,716.1000000,730.0000000,1800250
TATN,D,17/07/19,00:00:00,728.0000000,749.3000000,727.9000000,741.0000000,2851140
TATN,D,18/07/19,00:00:00,739.8000000,742.6000000,730.5000000,738.0000000,1720400
TATN,D,19/07/19,00:00:00,736.6000000,752.0000000,736.4000000,744.0000000,1680220
TATN,D,22/07/19,00:00:00,744.4000000,747.9000000,733.6000000,733.6000000,1005160
TATN,D,23/07/19,00:00:00,735.2000000,747.9000000,733.8000000,747.9000000,1799450
TATN,D,24/07/19,00:00:00,749.1000000,751.1000000,737.2000000,741.3000000,1628640
TATN,D,25/07/19,00:00:00,743.0000000,746.6000000,734.0000000,740.5000000,2183870
TATN,D,26/07/19,00:00:00,738.9000000,741.4000000,732.9000000,734.6000000,1532110
TATN,D,29/07/19,00:00:00,735.5000000,743.4000000,735.0000000,738.1000000,1235420
TATN,D,30/07/19,00:00:00,737.7000000,742.0000000,728.0000000,737.5000000,1389980
TATN,D,31/07/19,00:00:00,736.8000000,743.2000000,730.3000000,743.2000000,2553980
TATN,D,01/08/19,00:00:00,738.6000000,758.8000000,738.2000000,755.0000000,2536230
TATN,D,02/08/19,00:00:00,750.0000000,755.8000000,731.2000000,732.2000000,2248200
TATN,D,05/08/19,00:00:00,730.9000000,732.5000000,716.4000000,716.4000000,1697180
TATN,D,06/08/19,00:00:00,723.5000000,746.7000000,720.6000000,740.0000000,3475260
TATN,D,07/08/19,00:00:00,738.0000000,741.7000000,727.7000000,727.8000000,1515460
TATN,D,08/08/19,00:00:00,734.4000000,740.9000000,733.4000000,738.7000000,1290880
TATN,D,09/08/19,00:00:00,737.4000000,741.0000000,735.9000000,737.3000000,1009960
TATN,D,12/08/19,00:00:00,740.1000000,744.3000000,734.7000000,738.6000000,693090
TATN,D,13/08/19,00:00:00,736.0000000,739.7000000,721.1000000,729.0000000,2224870
TATN,D,14/08/19,00:00:00,729.3000000,732.3000000,706.0000000,709.4000000,1511140
TATN,D,15/08/19,00:00:00,711.8000000,717.8000000,702.5000000,702.5000000,1732300
TATN,D,16/08/19,00:00:00,705.7000000,713.8000000,702.2000000,705.0000000,1638020
TATN,D,19/08/19,00:00:00,709.6000000,717.5000000,706.1000000,712.8000000,1191590
TATN,D,20/08/19,00:00:00,716.2000000,724.0000000,714.5000000,721.1000000,1009560
TATN,D,21/08/19,00:00:00,722.9000000,726.0000000,717.1000000,718.6000000,1403650
TATN,D,22/08/19,00:00:00,718.2000000,722.3000000,715.6000000,717.6000000,1518320
TATN,D,23/08/19,00:00:00,718.0000000,721.5000000,715.1000000,718.1000000,1459770
TATN,D,26/08/19,00:00:00,715.0000000,725.3000000,711.0000000,716.9000000,1140750
TATN,D,27/08/19,00:00:00,719.1000000,720.0000000,704.1000000,720.0000000,6686310
TATN,D,28/08/19,00:00:00,721.0000000,724.2000000,716.0000000,717.9000000,2560450
TATN,D,29/08/19,00:00:00,717.9000000,724.6000000,716.9000000,723.6000000,1284920
TATN,D,30/08/19,00:00:00,723.9000000,743.1000000,723.1000000,743.1000000,2718610
TATN,D,02/09/19,00:00:00,744.0000000,751.8000000,742.1000000,747.7000000,1067481
TATN,D,03/09/19,00:00:00,746.3000000,749.8000000,737.1000000,746.0000000,1143450
TATN,D,04/09/19,00:00:00,749.8000000,754.0000000,740.0000000,740.0000000,2232754
TATN,D,05/09/19,00:00:00,743.6000000,749.1000000,739.8000000,743.7000000,1621717
TATN,D,06/09/19,00:00:00,743.7000000,753.0000000,736.5000000,753.0000000,1680728
TATN,D,09/09/19,00:00:00,754.1000000,757.8000000,748.7000000,752.8000000,1002156
TATN,D,10/09/19,00:00:00,752.8000000,752.8000000,743.0000000,746.7000000,2096817
TATN,D,11/09/19,00:00:00,747.0000000,752.5000000,745.4000000,749.0000000,1467463
TATN,D,12/09/19,00:00:00,747.9000000,748.0000000,736.0000000,738.6000000,2009749
TATN,D,13/09/19,00:00:00,736.0000000,739.9000000,727.5000000,733.3000000,1252246
TATN,D,16/09/19,00:00:00,743.1000000,761.5000000,738.4000000,759.9000000,5221015
TATN,D,17/09/19,00:00:00,752.9000000,768.2000000,747.4000000,756.1000000,4081305
TATN,D,18/09/19,00:00:00,756.0000000,758.9000000,751.0000000,753.0000000,1882184
TATN,D,19/09/19,00:00:00,752.1000000,754.9000000,741.9000000,741.9000000,2417939
TATN,D,20/09/19,00:00:00,741.7000000,748.7000000,739.0000000,748.7000000,3008703
TATN,D,23/09/19,00:00:00,746.1000000,749.5000000,737.3000000,743.4000000,2166056
TATN,D,24/09/19,00:00:00,742.7000000,744.9000000,730.0000000,734.3000000,2250514
TATN,D,25/09/19,00:00:00,729.1000000,740.0000000,726.1000000,740.0000000,3315619
TATN,D,26/09/19,00:00:00,704.3000000,709.7000000,699.2000000,704.9000000,1962172
TATN,D,27/09/19,00:00:00,705.0000000,708.3000000,697.5000000,697.5000000,1577661
TATN,D,30/09/19,00:00:00,698.8000000,701.7000000,687.4000000,687.4000000,2041676
TATN,D,01/10/19,00:00:00,689.0000000,700.9000000,688.0000000,694.9000000,1385822
TATN,D,02/10/19,00:00:00,695.0000000,695.7000000,686.0000000,688.8000000,1232244
TATN,D,03/10/19,00:00:00,688.1000000,688.2000000,671.2000000,676.3000000,1799128
TATN,D,04/10/19,00:00:00,682.3000000,694.5000000,678.4000000,681.5000000,1883788
TATN,D,07/10/19,00:00:00,684.5000000,694.2000000,680.1000000,691.5000000,985257
TATN,D,08/10/19,00:00:00,691.9000000,694.5000000,685.5000000,688.5000000,916247
TATN,D,09/10/19,00:00:00,688.7000000,697.2000000,687.1000000,690.5000000,1052000
TATN,D,10/10/19,00:00:00,691.5000000,701.6000000,687.6000000,698.4000000,923205
TATN,D,11/10/19,00:00:00,701.0000000,709.9000000,700.3000000,709.7000000,1176461
TATN,D,14/10/19,00:00:00,708.8000000,711.8000000,695.3000000,700.0000000,921234
TATN,D,15/10/19,00:00:00,700.0000000,703.0000000,694.2000000,700.8000000,1280263
TATN,D,16/10/19,00:00:00,700.6000000,710.9000000,699.6000000,708.9000000,1702015
TATN,D,17/10/19,00:00:00,708.0000000,708.0000000,702.2000000,707.3000000,1154731
TATN,D,18/10/19,00:00:00,705.3000000,710.0000000,704.1000000,706.8000000,1102926
TATN,D,21/10/19,00:00:00,707.9000000,721.9000000,704.8000000,721.9000000,1530095
TATN,D,22/10/19,00:00:00,720.0000000,738.0000000,718.0000000,738.0000000,2371996
TATN,D,23/10/19,00:00:00,737.0000000,749.9000000,731.8000000,749.9000000,2301655
TATN,D,24/10/19,00:00:00,748.7000000,759.9000000,745.7000000,759.9000000,2808980
TATN,D,25/10/19,00:00:00,757.1000000,760.0000000,740.1000000,749.6000000,2008166
TATN,D,28/10/19,00:00:00,752.2000000,755.9000000,740.7000000,749.9000000,1261327
TATN,D,29/10/19,00:00:00,749.0000000,752.0000000,744.6000000,752.0000000,1760583
TATN,D,30/10/19,00:00:00,748.9000000,759.8000000,743.2000000,759.8000000,1910918
TATN,D,31/10/19,00:00:00,759.5000000,764.0000000,746.3000000,748.2000000,2338612
TATN,D,01/11/19,00:00:00,747.2000000,755.4000000,741.1000000,755.4000000,1179205
TATN,D,05/11/19,00:00:00,758.0000000,773.0000000,756.0000000,773.0000000,1967932
TATN,D,06/11/19,00:00:00,771.6000000,787.0000000,765.6000000,787.0000000,1874119
TATN,D,07/11/19,00:00:00,782.4000000,799.7000000,777.0000000,797.9000000,2077132
TATN,D,08/11/19,00:00:00,797.2000000,799.4000000,778.3000000,782.2000000,1962655
TATN,D,11/11/19,00:00:00,781.1000000,783.2000000,771.4000000,778.8000000,1430210
TATN,D,12/11/19,00:00:00,779.4000000,786.0000000,773.0000000,777.4000000,1685879
TATN,D,13/11/19,00:00:00,769.9000000,774.4000000,767.8000000,772.7000000,953543
TATN,D,14/11/19,00:00:00,777.0000000,777.5000000,762.2000000,773.9000000,1973593
TATN,D,15/11/19,00:00:00,773.0000000,778.6000000,758.7000000,764.0000000,1740196
TATN,D,18/11/19,00:00:00,766.9000000,768.9000000,752.1000000,753.8000000,1500927
TATN,D,19/11/19,00:00:00,756.0000000,760.7000000,751.7000000,760.0000000,1148917
TATN,D,20/11/19,00:00:00,758.0000000,763.0000000,747.0000000,760.0000000,1497166
TATN,D,21/11/19,00:00:00,758.8000000,761.0000000,748.2000000,759.0000000,1709643
TATN,D,22/11/19,00:00:00,757.9000000,764.0000000,755.7000000,761.2000000,1562407
TATN,D,25/11/19,00:00:00,763.8000000,763.8000000,754.2000000,760.0000000,1038918
TATN,D,26/11/19,00:00:00,758.0000000,760.8000000,742.4000000,747.1000000,5553617
TATN,D,27/11/19,00:00:00,748.0000000,753.9000000,743.5000000,749.0000000,1526793
TATN,D,28/11/19,00:00:00,747.8000000,751.9000000,745.1000000,747.8000000,393751
TATN,D,29/11/19,00:00:00,748.0000000,748.2000000,738.5000000,740.4000000,1427749
TATN,D,02/12/19,00:00:00,744.0000000,749.9000000,741.8000000,747.9000000,1893121
TATN,D,03/12/19,00:00:00,747.9000000,749.7000000,734.2000000,734.2000000,1757363
TATN,D,04/12/19,00:00:00,736.6000000,743.5000000,733.9000000,740.9000000,1065984
TATN,D,05/12/19,00:00:00,743.0000000,746.8000000,733.6000000,745.0000000,1169808
TATN,D,06/12/19,00:00:00,746.9000000,752.3000000,736.7000000,752.3000000,1646518
TATN,D,09/12/19,00:00:00,751.8000000,761.7000000,748.5000000,759.2000000,1901988
TATN,D,10/12/19,00:00:00,756.8000000,758.3000000,748.6000000,751.0000000,1483475
TATN,D,11/12/19,00:00:00,749.9000000,768.0000000,749.7000000,762.4000000,2131315
TATN,D,12/12/19,00:00:00,764.7000000,786.3000000,764.2000000,780.6000000,2743779
TATN,D,13/12/19,00:00:00,782.9000000,794.0000000,779.5000000,793.2000000,2259601
TATN,D,16/12/19,00:00:00,793.0000000,795.0000000,783.2000000,788.8000000,2054700
TATN,D,17/12/19,00:00:00,789.8000000,798.2000000,787.5000000,791.2000000,2614053
TATN,D,18/12/19,00:00:00,791.9000000,793.7000000,782.0000000,791.5000000,2721674
TATN,D,19/12/19,00:00:00,792.1000000,797.0000000,785.7000000,788.0000000,1974560
TATN,D,20/12/19,00:00:00,790.0000000,791.9000000,780.3000000,780.8000000,2095559
TATN,D,23/12/19,00:00:00,781.6000000,790.5000000,779.3000000,788.9000000,1280862
TATN,D,24/12/19,00:00:00,789.7000000,791.1000000,781.5000000,781.5000000,640480
TATN,D,25/12/19,00:00:00,782.4000000,787.0000000,779.3000000,784.5000000,448613
TATN,D,26/12/19,00:00:00,787.2000000,794.0000000,784.6000000,789.0000000,1071933
TATN,D,27/12/19,00:00:00,768.2000000,778.1000000,763.0000000,770.0000000,3171163
TATN,D,30/12/19,00:00:00,768.7000000,772.8000000,759.1000000,759.7000000,1620313
TATN,D,03/01/20,00:00:00,767.0000000,777.4000000,765.6000000,776.7000000,2892452
TATN,D,06/01/20,00:00:00,780.3000000,782.1000000,774.2000000,776.0000000,4190556
TATN,D,08/01/20,00:00:00,777.6000000,797.0000000,775.3000000,788.0000000,2692274
TATN,D,09/01/20,00:00:00,786.1000000,810.2000000,782.2000000,806.7000000,2634882
TATN,D,10/01/20,00:00:00,807.5000000,808.8000000,800.1000000,801.0000000,1517004
TATN,D,13/01/20,00:00:00,799.0000000,807.0000000,796.0000000,806.0000000,1954614
TATN,D,14/01/20,00:00:00,807.0000000,815.9000000,802.5000000,811.6000000,2320206
TATN,D,15/01/20,00:00:00,809.6000000,815.5000000,802.0000000,807.0000000,2201486
TATN,D,16/01/20,00:00:00,809.8000000,815.4000000,805.0000000,808.9000000,1564126
TATN,D,17/01/20,00:00:00,808.9000000,814.0000000,807.0000000,809.6000000,1795151
TATN,D,20/01/20,00:00:00,812.0000000,837.4000000,810.4000000,830.0000000,2369268
TATN,D,21/01/20,00:00:00,826.0000000,829.0000000,819.3000000,825.0000000,1968311
TATN,D,22/01/20,00:00:00,827.2000000,828.8000000,813.3000000,818.0000000,1760099
TATN,D,23/01/20,00:00:00,815.0000000,817.0000000,796.2000000,800.0000000,2480483
TATN,D,24/01/20,00:00:00,802.8000000,809.3000000,794.0000000,795.7000000,1370270
TATN,D,27/01/20,00:00:00,787.3000000,791.8000000,776.6000000,779.8000000,1713179
TATN,D,28/01/20,00:00:00,780.8000000,788.2000000,773.3000000,779.0000000,1755492
TATN,D,29/01/20,00:00:00,784.0000000,791.9000000,777.6000000,780.0000000,1862039
TATN,D,30/01/20,00:00:00,777.1000000,784.0000000,770.1000000,777.0000000,1562510
TATN,D,31/01/20,00:00:00,781.5000000,788.0000000,761.0000000,761.0000000,2503425
TATN,D,03/02/20,00:00:00,757.0000000,762.1000000,749.0000000,751.6000000,3128202
TATN,D,04/02/20,00:00:00,753.0000000,768.6000000,747.0000000,764.3000000,3752348
TATN,D,05/02/20,00:00:00,766.3000000,775.2000000,754.0000000,765.3000000,3833552
TATN,D,06/02/20,00:00:00,771.6000000,775.3000000,760.7000000,762.9000000,2828985
TATN,D,07/02/20,00:00:00,763.8000000,766.9000000,748.2000000,752.0000000,2555111
TATN,D,10/02/20,00:00:00,752.1000000,753.0000000,738.2000000,741.0000000,2234346
TATN,D,11/02/20,00:00:00,745.8000000,757.2000000,745.7000000,753.7000000,2120328
TATN,D,12/02/20,00:00:00,754.7000000,770.0000000,753.0000000,768.2000000,4307727
TATN,D,13/02/20,00:00:00,765.9000000,766.7000000,758.3000000,763.0000000,2106726
TATN,D,14/02/20,00:00:00,764.0000000,767.9000000,759.2000000,763.1000000,1494851
TATN,D,17/02/20,00:00:00,764.0000000,768.8000000,762.9000000,766.1000000,1071063
TATN,D,18/02/20,00:00:00,764.5000000,764.8000000,750.8000000,750.8000000,1601368
TATN,D,19/02/20,00:00:00,755.8000000,767.8000000,755.7000000,765.4000000,1781203
TATN,D,20/02/20,00:00:00,768.0000000,771.8000000,764.1000000,764.1000000,1673986
TATN,D,21/02/20,00:00:00,761.7000000,763.0000000,755.0000000,755.0000000,1202126
TATN,D,25/02/20,00:00:00,744.2000000,747.7000000,721.0000000,721.4000000,3792136
TATN,D,26/02/20,00:00:00,718.9000000,733.0000000,714.5000000,724.3000000,4530000
TATN,D,27/02/20,00:00:00,718.0000000,723.3000000,691.6000000,691.6000000,3504680
TATN,D,28/02/20,00:00:00,679.5000000,684.4000000,625.1000000,671.6000000,7836680
TATN,D,02/03/20,00:00:00,695.8000000,696.5000000,664.1000000,667.9000000,5113326
TATN,D,03/03/20,00:00:00,681.2000000,694.4000000,677.1000000,682.7000000,4174883
TATN,D,04/03/20,00:00:00,672.5000000,696.3000000,668.0000000,695.3000000,3800457
TATN,D,05/03/20,00:00:00,702.0000000,705.2000000,684.6000000,696.2000000,2947756
TATN,D,06/03/20,00:00:00,683.7000000,689.0000000,653.1000000,658.5000000,4710951
TATN,D,10/03/20,00:00:00,592.7000000,612.9000000,527.6000000,530.0000000,10679932
TATN,D,11/03/20,00:00:00,539.5000000,558.1000000,521.3000000,527.7000000,5343942
TATN,D,12/03/20,00:00:00,508.0000000,508.0000000,460.5000000,469.8000000,7979329
TATN,D,13/03/20,00:00:00,469.9000000,500.6000000,458.7000000,458.7000000,9092530
TATN,D,16/03/20,00:00:00,447.0000000,458.0000000,426.0000000,442.3000000,7584880
TATN,D,17/03/20,00:00:00,442.9000000,451.7000000,402.1000000,422.1000000,7560727
TATN,D,18/03/20,00:00:00,408.1000000,418.0000000,382.7000000,385.0000000,8825786
TATN,D,19/03/20,00:00:00,389.3000000,457.4000000,372.0000000,455.9000000,10628981
TATN,D,20/03/20,00:00:00,470.2000000,542.5000000,470.2000000,515.6000000,13514396
TATN,D,23/03/20,00:00:00,475.1000000,527.9000000,470.0000000,503.8000000,8180350
TATN,D,24/03/20,00:00:00,550.1000000,581.8000000,531.5000000,561.2000000,8577553
TATN,D,25/03/20,00:00:00,576.0000000,589.5000000,534.8000000,562.2000000,9335936
TATN,D,26/03/20,00:00:00,557.8000000,572.4000000,544.3000000,560.0000000,4780144
TATN,D,27/03/20,00:00:00,563.1000000,567.0000000,514.4000000,530.0000000,5767580
TATN,D,30/03/20,00:00:00,519.0000000,528.8000000,500.0000000,521.8000000,4058999
TATN,D,31/03/20,00:00:00,533.7000000,558.3000000,531.7000000,552.6000000,5236762
TATN,D,01/04/20,00:00:00,538.0000000,545.3000000,532.0000000,544.0000000,4136058
TATN,D,02/04/20,00:00:00,574.5000000,587.7000000,550.0000000,585.0000000,8866403
TATN,D,03/04/20,00:00:00,585.3000000,629.5000000,578.1000000,600.6000000,7264037
TATN,D,06/04/20,00:00:00,607.9000000,613.8000000,594.6000000,608.9000000,3520132
TATN,D,07/04/20,00:00:00,621.0000000,624.8000000,575.2000000,583.6000000,7556395
TATN,D,08/04/20,00:00:00,583.8000000,598.0000000,574.8000000,598.0000000,4696236
TATN,D,09/04/20,00:00:00,602.4000000,610.0000000,586.0000000,606.2000000,7155806
TATN,D,10/04/20,00:00:00,601.6000000,601.8000000,590.0000000,601.4000000,1461746
TATN,D,13/04/20,00:00:00,597.5000000,601.0000000,581.7000000,587.0000000,2570632
TATN,D,14/04/20,00:00:00,591.0000000,597.7000000,547.1000000,554.6000000,6637204
TATN,D,15/04/20,00:00:00,548.0000000,548.1000000,503.3000000,510.6000000,9614924
TATN,D,16/04/20,00:00:00,512.6000000,526.9000000,491.6000000,510.4000000,11294022
TATN,D,17/04/20,00:00:00,522.4000000,527.5000000,513.4000000,516.4000000,6080833
TATN,D,20/04/20,00:00:00,509.9000000,523.5000000,480.6000000,488.4000000,10780923
TATN,D,21/04/20,00:00:00,473.2000000,486.0000000,455.5000000,476.7000000,11802059
TATN,D,22/04/20,00:00:00,466.7000000,521.0000000,465.0000000,514.4000000,12574555
TATN,D,23/04/20,00:00:00,524.7000000,539.4000000,510.8000000,532.2000000,8585684
TATN,D,24/04/20,00:00:00,528.2000000,530.9000000,514.0000000,521.9000000,5331498
TATN,D,27/04/20,00:00:00,520.5000000,527.9000000,514.0000000,516.7000000,3712606
TATN,D,28/04/20,00:00:00,513.2000000,538.0000000,511.5000000,529.8000000,5685625
TATN,D,29/04/20,00:00:00,537.3000000,559.0000000,532.4000000,558.6000000,6357056
TATN,D,30/04/20,00:00:00,566.4000000,576.9000000,546.7000000,550.0000000,9792126
TATN,D,04/05/20,00:00:00,540.6000000,551.4000000,529.0000000,544.9000000,4618688
TATN,D,05/05/20,00:00:00,556.7000000,563.4000000,547.6000000,551.6000000,3719368
TATN,D,06/05/20,00:00:00,554.0000000,559.9000000,538.2000000,541.5000000,5135240
TATN,D,07/05/20,00:00:00,543.9000000,549.0000000,539.2000000,544.0000000,3961658
TATN,D,08/05/20,00:00:00,546.0000000,549.5000000,538.3000000,546.5000000,2086255
TATN,D,12/05/20,00:00:00,546.0000000,547.3000000,539.3000000,541.9000000,3602932
TATN,D,13/05/20,00:00:00,540.0000000,540.6000000,516.0000000,517.8000000,4864849
TATN,D,14/05/20,00:00:00,516.7000000,524.5000000,508.2000000,522.6000000,5085718
TATN,D,15/05/20,00:00:00,529.0000000,535.6000000,514.2000000,514.2000000,4668723
TATN,D,18/05/20,00:00:00,523.5000000,552.5000000,523.3000000,549.0000000,6510337
TATN,D,19/05/20,00:00:00,552.5000000,558.3000000,544.6000000,549.6000000,4696629
TATN,D,20/05/20,00:00:00,544.6000000,568.5000000,538.3000000,566.5000000,5868358
TATN,D,21/05/20,00:00:00,565.2000000,575.0000000,537.9000000,540.0000000,6828653
TATN,D,22/05/20,00:00:00,531.5000000,548.1000000,529.2000000,544.0000000,3746626
TATN,D,25/05/20,00:00:00,549.2000000,565.0000000,547.9000000,557.0000000,1866678
TATN,D,26/05/20,00:00:00,567.2000000,575.4000000,559.3000000,559.9000000,4521122
TATN,D,27/05/20,00:00:00,557.7000000,572.2000000,546.2000000,559.8000000,4979200
TATN,D,28/05/20,00:00:00,568.2000000,569.7000000,555.3000000,565.0000000,4223398
TATN,D,29/05/20,00:00:00,562.5000000,562.8000000,532.0000000,532.0000000,21337968
TATN,D,01/06/20,00:00:00,544.2000000,552.7000000,541.3000000,542.5000000,7217916
TATN,D,02/06/20,00:00:00,548.0000000,560.2000000,546.4000000,560.1000000,5755033
TATN,D,03/06/20,00:00:00,565.0000000,571.0000000,501.2000000,569.0000000,9122340
TATN,D,04/06/20,00:00:00,567.5000000,567.5000000,555.4000000,559.2000000,5541459
TATN,D,05/06/20,00:00:00,565.0000000,574.0000000,561.1000000,569.9000000,4706802
TATN,D,08/06/20,00:00:00,575.0000000,597.4000000,570.5000000,578.4000000,7818255
TATN,D,09/06/20,00:00:00,581.5000000,589.7000000,575.0000000,586.5000000,5803236
TATN,D,10/06/20,00:00:00,590.6000000,599.4000000,581.2000000,595.9000000,7602075
TATN,D,11/06/20,00:00:00,586.4000000,587.2000000,571.0000000,577.0000000,5306145
TATN,D,15/06/20,00:00:00,564.7000000,582.8000000,551.4000000,581.6000000,4773777
TATN,D,16/06/20,00:00:00,590.0000000,596.1000000,576.5000000,581.0000000,5668729
TATN,D,17/06/20,00:00:00,582.4000000,590.2000000,565.4000000,565.4000000,6246487
TATN,D,18/06/20,00:00:00,566.3000000,579.2000000,560.5000000,576.0000000,4887022
TATN,D,19/06/20,00:00:00,580.9000000,593.7000000,578.0000000,586.5000000,7835453
TATN,D,22/06/20,00:00:00,583.9000000,592.5000000,574.8000000,589.1000000,3475201
TATN,D,23/06/20,00:00:00,591.2000000,594.5000000,586.1000000,588.6000000,3298412
TATN,D,25/06/20,00:00:00,577.8000000,584.8000000,570.0000000,584.7000000,3763409
TATN,D,26/06/20,00:00:00,583.6000000,586.0000000,566.1000000,572.6000000,3578776
TATN,D,29/06/20,00:00:00,570.0000000,572.1000000,561.3000000,568.4000000,3022494
TATN,D,30/06/20,00:00:00,568.0000000,568.8000000,552.0000000,556.3000000,4303689
TATN,D,02/07/20,00:00:00,562.4000000,569.4000000,558.8000000,567.5000000,3174555
TATN,D,03/07/20,00:00:00,566.9000000,568.9000000,563.1000000,568.0000000,1603182
TATN,D,06/07/20,00:00:00,575.9000000,579.8000000,567.0000000,570.6000000,3240962
TATN,D,07/07/20,00:00:00,566.9000000,572.3000000,560.0000000,565.5000000,2619199
TATN,D,08/07/20,00:00:00,566.5000000,567.1000000,556.5000000,560.6000000,2264766
TATN,D,09/07/20,00:00:00,560.3000000,562.1000000,549.2000000,552.5000000,3011090
TATN,D,10/07/20,00:00:00,548.6000000,563.0000000,543.4000000,562.7000000,3494459
TATN,D,13/07/20,00:00:00,563.7000000,566.6000000,544.5000000,546.5000000,2120364
TATN,D,14/07/20,00:00:00,545.6000000,548.1000000,534.2000000,547.9000000,2906096
TATN,D,15/07/20,00:00:00,550.0000000,555.7000000,546.4000000,553.3000000,2787463
TATN,D,16/07/20,00:00:00,550.3000000,556.2000000,548.2000000,553.6000000,1610114
TATN,D,17/07/20,00:00:00,551.0000000,555.0000000,545.0000000,550.9000000,2077481
TATN,D,20/07/20,00:00:00,549.8000000,556.4000000,546.4000000,554.9000000,2273294
TATN,D,21/07/20,00:00:00,556.6000000,566.7000000,556.6000000,560.4000000,3025171
TATN,D,22/07/20,00:00:00,561.7000000,564.3000000,556.6000000,560.9000000,1923868
TATN,D,23/07/20,00:00:00,564.3000000,568.4000000,558.2000000,559.0000000,2152293
TATN,D,24/07/20,00:00:00,558.4000000,565.3000000,557.0000000,564.7000000,1531455
TATN,D,27/07/20,00:00:00,566.1000000,567.1000000,556.6000000,560.9000000,2301237
TATN,D,28/07/20,00:00:00,562.9000000,563.0000000,554.4000000,557.0000000,1922091
TATN,D,29/07/20,00:00:00,557.5000000,564.8000000,555.6000000,563.0000000,1931897
TATN,D,30/07/20,00:00:00,559.6000000,563.7000000,552.4000000,558.4000000,2014709
TATN,D,31/07/20,00:00:00,558.0000000,559.3000000,550.3000000,554.7000000,1717623
TATN,D,03/08/20,00:00:00,552.7000000,553.8000000,543.9000000,547.2000000,2606710
TATN,D,04/08/20,00:00:00,545.9000000,548.8000000,541.5000000,546.8000000,2026925
TATN,D,05/08/20,00:00:00,546.9000000,562.5000000,545.3000000,558.4000000,3417213
TATN,D,06/08/20,00:00:00,561.3000000,562.6000000,556.2000000,561.4000000,2649963
TATN,D,07/08/20,00:00:00,559.1000000,562.2000000,554.0000000,559.4000000,1591574
TATN,D,10/08/20,00:00:00,560.2000000,564.0000000,555.4000000,559.8000000,2690439
TATN,D,11/08/20,00:00:00,561.5000000,590.0000000,560.2000000,581.0000000,5648917
TATN,D,12/08/20,00:00:00,582.0000000,608.4000000,582.0000000,605.6000000,6681665
TATN,D,13/08/20,00:00:00,604.7000000,615.6000000,598.0000000,604.9000000,4368858
TATN,D,14/08/20,00:00:00,609.3000000,612.0000000,600.0000000,608.5000000,3042933
TATN,D,17/08/20,00:00:00,611.0000000,616.4000000,596.3000000,600.1000000,3634214
TATN,D,18/08/20,00:00:00,599.5000000,611.2000000,594.4000000,597.6000000,3382756
TATN,D,19/08/20,00:00:00,598.0000000,598.4000000,583.0000000,590.9000000,2262748
TATN,D,20/08/20,00:00:00,589.0000000,589.7000000,562.5000000,572.8000000,4191528
TATN,D,21/08/20,00:00:00,574.0000000,577.3000000,555.1000000,566.1000000,3607093
TATN,D,24/08/20,00:00:00,568.0000000,573.7000000,565.5000000,570.7000000,2164611
TATN,D,25/08/20,00:00:00,572.9000000,575.0000000,565.2000000,571.0000000,1837384
TATN,D,26/08/20,00:00:00,570.4000000,574.6000000,563.2000000,571.6000000,2428058
TATN,D,27/08/20,00:00:00,573.9000000,574.0000000,560.0000000,561.4000000,2393703
TATN,D,28/08/20,00:00:00,561.6000000,561.9000000,553.3000000,556.8000000,2141319
TATN,D,31/08/20,00:00:00,557.4000000,561.2000000,544.5000000,547.8000000,4130086
TATN,D,01/09/20,00:00:00,549.9000000,550.8000000,543.1000000,549.5000000,3141932
TATN,D,02/09/20,00:00:00,550.2000000,553.5000000,541.4000000,545.0000000,3575581
TATN,D,03/09/20,00:00:00,542.8000000,544.6000000,529.2000000,532.6000000,4751102
TATN,D,04/09/20,00:00:00,532.4000000,540.4000000,529.3000000,536.4000000,2950513
TATN,D,07/09/20,00:00:00,534.4000000,538.3000000,531.6000000,533.9000000,1297229
TATN,D,08/09/20,00:00:00,534.7000000,534.7000000,519.1000000,523.9000000,3236195
TATN,D,09/09/20,00:00:00,521.1000000,531.3000000,519.9000000,529.7000000,2631827
TATN,D,10/09/20,00:00:00,529.7000000,531.1000000,522.3000000,528.0000000,2271507
TATN,D,11/09/20,00:00:00,528.2000000,537.6000000,527.0000000,537.6000000,2472397
TATN,D,14/09/20,00:00:00,539.1000000,547.6000000,536.3000000,538.9000000,3027666
TATN,D,15/09/20,00:00:00,538.1000000,553.1000000,537.2000000,552.8000000,2916615
TATN,D,16/09/20,00:00:00,554.0000000,557.5000000,516.1000000,531.4000000,10461564
TATN,D,17/09/20,00:00:00,526.9000000,529.7000000,508.1000000,517.4000000,10139018
TATN,D,18/09/20,00:00:00,518.3000000,520.0000000,503.8000000,507.8000000,7355648
TATN,D,21/09/20,00:00:00,506.7000000,506.7000000,475.7000000,480.7000000,9268530
TATN,D,22/09/20,00:00:00,478.8000000,482.8000000,469.2000000,479.7000000,7086715
TATN,D,23/09/20,00:00:00,479.9000000,480.1000000,460.0000000,460.0000000,6437486
TATN,D,24/09/20,00:00:00,459.8000000,471.4000000,448.7000000,467.5000000,9276502
TATN,D,25/09/20,00:00:00,469.9000000,470.8000000,457.4000000,464.0000000,4873017
TATN,D,28/09/20,00:00:00,464.6000000,479.9000000,456.6000000,474.5000000,7094588
TATN,D,29/09/20,00:00:00,474.8000000,478.4000000,461.1000000,464.7000000,4479243
TATN,D,30/09/20,00:00:00,463.0000000,469.4000000,460.8000000,463.6000000,3589381
TATN,D,01/10/20,00:00:00,465.6000000,468.0000000,457.3000000,458.5000000,3006376
TATN,D,02/10/20,00:00:00,453.9000000,456.5000000,449.5000000,453.1000000,3006638
TATN,D,05/10/20,00:00:00,455.5000000,474.0000000,455.4000000,473.5000000,4346265
TATN,D,06/10/20,00:00:00,473.5000000,486.7000000,464.9000000,472.5000000,6651348
TATN,D,07/10/20,00:00:00,475.8000000,479.7000000,461.6000000,468.1000000,5213602
TATN,D,08/10/20,00:00:00,469.3000000,473.5000000,461.1000000,464.5000000,3447344
TATN,D,09/10/20,00:00:00,455.5000000,460.2000000,451.5000000,459.0000000,3684548
TATN,D,12/10/20,00:00:00,459.0000000,459.0000000,452.0000000,453.6000000,3010246
TATN,D,13/10/20,00:00:00,454.0000000,455.9000000,439.6000000,442.6000000,4106572
TATN,D,14/10/20,00:00:00,441.8000000,446.5000000,437.2000000,443.4000000,3806642
TATN,D,15/10/20,00:00:00,441.6000000,442.5000000,427.7000000,434.1000000,5267852
TATN,D,16/10/20,00:00:00,432.4000000,433.8000000,426.2000000,429.2000000,4213273
TATN,D,19/10/20,00:00:00,430.7000000,432.8000000,414.9000000,415.7000000,3847080
TATN,D,20/10/20,00:00:00,415.7000000,424.8000000,406.4000000,421.2000000,7552688
TATN,D,21/10/20,00:00:00,421.7000000,428.6000000,416.1000000,416.9000000,5154493
TATN,D,22/10/20,00:00:00,416.0000000,425.9000000,413.9000000,424.6000000,4198317
TATN,D,23/10/20,00:00:00,424.2000000,440.6000000,423.2000000,438.7000000,6179305
TATN,D,26/10/20,00:00:00,436.0000000,437.3000000,426.4000000,430.1000000,3429581
TATN,D,27/10/20,00:00:00,433.2000000,433.5000000,417.9000000,420.5000000,4457069
TATN,D,28/10/20,00:00:00,417.5000000,417.5000000,398.4000000,401.0000000,9140629
TATN,D,29/10/20,00:00:00,404.5000000,409.9000000,395.5000000,405.7000000,6439192
TATN,D,30/10/20,00:00:00,400.0000000,416.3000000,396.4000000,412.6000000,7539887
TATN,D,02/11/20,00:00:00,409.6000000,419.9000000,404.3000000,419.3000000,5477327
TATN,D,03/11/20,00:00:00,419.5000000,432.3000000,419.0000000,430.5000000,5823875
TATN,D,05/11/20,00:00:00,438.8000000,449.5000000,433.2000000,442.7000000,8172722
TATN,D,06/11/20,00:00:00,442.0000000,449.8000000,436.5000000,447.6000000,5440518
TATN,D,09/11/20,00:00:00,456.0000000,488.3000000,446.7000000,479.3000000,15493969
TATN,D,10/11/20,00:00:00,478.6000000,506.0000000,472.7000000,501.0000000,14285481
TATN,D,11/11/20,00:00:00,506.3000000,521.5000000,505.6000000,508.2000000,14816380
TATN,D,12/11/20,00:00:00,505.2000000,513.5000000,497.7000000,499.8000000,11546302
TATN,D,13/11/20,00:00:00,499.5000000,507.9000000,493.1000000,505.1000000,6370816
TATN,D,16/11/20,00:00:00,511.9000000,518.0000000,504.5000000,510.9000000,6562523
TATN,D,17/11/20,00:00:00,511.5000000,512.5000000,499.0000000,506.0000000,4562151
TATN,D,18/11/20,00:00:00,505.4000000,519.1000000,501.4000000,511.2000000,5724645
TATN,D,19/11/20,00:00:00,510.9000000,512.1000000,505.5000000,508.3000000,3895679
TATN,D,20/11/20,00:00:00,508.4000000,512.2000000,504.2000000,511.0000000,2486393
TATN,D,23/11/20,00:00:00,513.8000000,528.2000000,512.4000000,520.3000000,5950459
TATN,D,24/11/20,00:00:00,525.0000000,527.5000000,514.0000000,524.8000000,4877217
TATN,D,25/11/20,00:00:00,526.0000000,540.8000000,520.3000000,537.1000000,11892052
TATN,D,26/11/20,00:00:00,537.3000000,541.0000000,523.8000000,524.9000000,4929832
TATN,D,27/11/20,00:00:00,524.0000000,527.5000000,494.4000000,511.4000000,14783707
TATN,D,30/11/20,00:00:00,504.2000000,509.0000000,485.8000000,492.3000000,13796358
TATN,D,01/12/20,00:00:00,494.1000000,499.6000000,490.3000000,493.9000000,5192526
TATN,D,02/12/20,00:00:00,492.3000000,512.6000000,489.1000000,509.1000000,7261734
TATN,D,03/12/20,00:00:00,508.4000000,509.4000000,490.1000000,496.0000000,9249509
TATN,D,04/12/20,00:00:00,500.1000000,510.0000000,500.1000000,507.7000000,9097376
TATN,D,07/12/20,00:00:00,507.4000000,510.5000000,499.0000000,500.3000000,5174061
TATN,D,08/12/20,00:00:00,500.0000000,504.5000000,491.8000000,497.6000000,4541968
TATN,D,09/12/20,00:00:00,497.3000000,503.5000000,489.8000000,494.4000000,5338992
TATN,D,10/12/20,00:00:00,493.6000000,514.5000000,492.4000000,507.3000000,7501843
TATN,D,11/12/20,00:00:00,508.6000000,513.8000000,505.5000000,508.8000000,6325437
TATN,D,14/12/20,00:00:00,512.0000000,527.2000000,509.1000000,514.6000000,8523521
TATN,D,15/12/20,00:00:00,512.7000000,520.6000000,508.0000000,517.0000000,4509817
TATN,D,16/12/20,00:00:00,517.0000000,518.9000000,507.4000000,511.5000000,4611077
TATN,D,17/12/20,00:00:00,515.3000000,517.8000000,510.0000000,513.0000000,4948710
TATN,D,18/12/20,00:00:00,510.9000000,511.8000000,502.3000000,506.4000000,5167410
TATN,D,21/12/20,00:00:00,500.8000000,501.8000000,485.3000000,499.8000000,7199475
TATN,D,22/12/20,00:00:00,494.8000000,508.6000000,492.7000000,500.5000000,3935772
TATN,D,23/12/20,00:00:00,499.7000000,506.7000000,498.1000000,505.6000000,2787124
TATN,D,24/12/20,00:00:00,506.0000000,508.3000000,502.0000000,505.0000000,1720336
TATN,D,25/12/20,00:00:00,505.6000000,506.0000000,503.5000000,505.5000000,854961
TATN,D,28/12/20,00:00:00,505.7000000,510.4000000,505.0000000,505.9000000,1470800
TATN,D,29/12/20,00:00:00,507.2000000,512.9000000,504.0000000,509.4000000,2503611
TATN,D,30/12/20,00:00:00,510.6000000,518.2000000,509.4000000,513.7000000,3305859
TATN,D,04/01/21,00:00:00,516.3000000,522.3000000,514.0000000,515.8000000,3235045
TATN,D,05/01/21,00:00:00,514.5000000,524.9000000,511.6000000,524.2000000,4499699
TATN,D,06/01/21,00:00:00,527.0000000,530.7000000,515.2000000,522.0000000,7439403
TATN,D,08/01/21,00:00:00,528.4000000,545.4000000,528.1000000,545.4000000,8568333
TATN,D,11/01/21,00:00:00,543.0000000,549.0000000,534.4000000,539.8000000,5964384
TATN,D,12/01/21,00:00:00,541.8000000,548.9000000,540.0000000,546.2000000,4766469
TATN,D,13/01/21,00:00:00,549.4000000,558.0000000,543.2000000,546.2000000,7304231
TATN,D,14/01/21,00:00:00,545.2000000,552.3000000,540.5000000,551.6000000,4843935
TATN,D,15/01/21,00:00:00,546.0000000,551.6000000,531.7000000,535.2000000,5925937
TATN,D,18/01/21,00:00:00,532.4000000,535.4000000,523.1000000,532.9000000,5032699
TATN,D,19/01/21,00:00:00,537.0000000,541.0000000,526.0000000,530.5000000,3671668
TATN,D,20/01/21,00:00:00,532.5000000,535.2000000,528.5000000,529.5000000,2803255
TATN,D,21/01/21,00:00:00,530.6000000,532.5000000,514.0000000,516.8000000,4777138
TATN,D,22/01/21,00:00:00,514.9000000,515.0000000,501.0000000,507.0000000,5591244
TATN,D,25/01/21,00:00:00,509.3000000,513.0000000,504.4000000,509.7000000,4642900
TATN,D,26/01/21,00:00:00,506.0000000,508.6000000,502.9000000,506.2000000,3373795
TATN,D,27/01/21,00:00:00,509.2000000,512.7000000,501.1000000,502.0000000,4311164
TATN,D,28/01/21,00:00:00,501.7000000,503.8000000,493.0000000,500.0000000,4654654
TATN,D,29/01/21,00:00:00,498.0000000,498.3000000,488.8000000,489.3000000,4513153
TATN,D,01/02/21,00:00:00,492.7000000,495.2000000,486.3000000,494.2000000,3215097
TATN,D,02/02/21,00:00:00,496.6000000,509.0000000,495.7000000,499.2000000,4980870
TATN,D,03/02/21,00:00:00,501.2000000,509.9000000,498.2000000,505.5000000,3527699
TATN,D,04/02/21,00:00:00,506.2000000,509.8000000,501.5000000,506.7000000,4154253
TATN,D,05/02/21,00:00:00,508.9000000,515.6000000,507.5000000,513.0000000,4969745
TATN,D,08/02/21,00:00:00,515.8000000,528.3000000,515.1000000,528.2000000,4968135
TATN,D,09/02/21,00:00:00,529.8000000,534.8000000,521.3000000,526.6000000,6367840
TATN,D,10/02/21,00:00:00,527.2000000,531.0000000,521.5000000,523.3000000,3991353
TATN,D,11/02/21,00:00:00,523.2000000,524.0000000,516.0000000,517.0000000,2855272
TATN,D,12/02/21,00:00:00,517.5000000,529.5000000,506.3000000,529.2000000,4648173
TATN,D,15/02/21,00:00:00,536.0000000,540.1000000,531.0000000,538.2000000,4744207
TATN,D,16/02/21,00:00:00,539.5000000,541.9000000,533.8000000,538.0000000,3850896
TATN,D,17/02/21,00:00:00,537.1000000,544.0000000,520.6000000,529.8000000,6585572
TATN,D,18/02/21,00:00:00,531.2000000,532.4000000,513.4000000,515.2000000,5499432
TATN,D,19/02/21,00:00:00,511.7000000,527.9000000,508.8000000,523.8000000,4781082
TATN,D,20/02/21,00:00:00,523.8000000,526.5000000,520.5000000,524.6000000,519694
TATN,D,22/02/21,00:00:00,526.5000000,530.0000000,519.5000000,527.8000000,2525063
TATN,D,24/02/21,00:00:00,524.8000000,540.9000000,524.1000000,537.4000000,6074157
TATN,D,25/02/21,00:00:00,539.8000000,547.3000000,533.3000000,535.5000000,7048720
TATN,D,26/02/21,00:00:00,534.6000000,536.0000000,516.4000000,522.5000000,6472509
TATN,D,01/03/21,00:00:00,527.3000000,534.0000000,524.0000000,528.3000000,3002069
TATN,D,02/03/21,00:00:00,525.0000000,538.1000000,524.7000000,533.3000000,3388429
TATN,D,03/03/21,00:00:00,537.0000000,541.5000000,529.0000000,534.8000000,4779398
TATN,D,04/03/21,00:00:00,535.0000000,549.3000000,530.5000000,533.7000000,6289413
TATN,D,05/03/21,00:00:00,537.0000000,567.8000000,536.3000000,567.4000000,12052879
TATN,D,09/03/21,00:00:00,564.5000000,609.8000000,564.5000000,607.0000000,15453854
TATN,D,10/03/21,00:00:00,606.1000000,613.6000000,596.5000000,605.3000000,6805045
TATN,D,11/03/21,00:00:00,611.2000000,618.9000000,606.1000000,618.7000000,6536204
TATN,D,12/03/21,00:00:00,617.4000000,625.2000000,612.4000000,623.6000000,6152121
TATN,D,15/03/21,00:00:00,625.7000000,633.9000000,618.6000000,624.6000000,5176879
TATN,D,16/03/21,00:00:00,623.1000000,623.1000000,603.6000000,610.0000000,6749189
TATN,D,17/03/21,00:00:00,611.8000000,618.7000000,599.5000000,608.3000000,6375909
TATN,D,18/03/21,00:00:00,609.9000000,613.9000000,577.7000000,583.6000000,7202103
TATN,D,19/03/21,00:00:00,579.0000000,601.0000000,577.0000000,598.0000000,9047844
TATN,D,22/03/21,00:00:00,595.0000000,604.9000000,589.0000000,600.7000000,3703781
TATN,D,23/03/21,00:00:00,596.2000000,601.9000000,586.3000000,589.5000000,4833754
TATN,D,24/03/21,00:00:00,592.8000000,611.8000000,591.4000000,605.1000000,5252042
TATN,D,25/03/21,00:00:00,604.0000000,609.8000000,586.6000000,596.0000000,4534938
TATN,D,26/03/21,00:00:00,599.8000000,604.9000000,598.1000000,603.4000000,3739306
TATN,D,29/03/21,00:00:00,601.3000000,606.6000000,596.4000000,603.0000000,3043451
TATN,D,30/03/21,00:00:00,603.8000000,606.5000000,594.3000000,596.9000000,2204082
TATN,D,31/03/21,00:00:00,598.3000000,599.0000000,591.1000000,594.2000000,2324282
TATN,D,01/04/21,00:00:00,597.0000000,608.3000000,596.1000000,606.0000000,3983260
TATN,D,02/04/21,00:00:00,605.4000000,607.0000000,602.3000000,605.3000000,713777
TATN,D,05/04/21,00:00:00,604.5000000,604.5000000,591.7000000,596.4000000,1996018
TATN,D,06/04/21,00:00:00,599.7000000,599.7000000,581.4000000,582.2000000,4637497
TATN,D,07/04/21,00:00:00,580.9000000,590.9000000,577.9000000,588.0000000,3858280
TATN,D,08/04/21,00:00:00,589.8000000,595.6000000,574.7000000,580.0000000,3720945
TATN,D,09/04/21,00:00:00,577.2000000,578.6000000,557.0000000,565.5000000,6443099
TATN,D,12/04/21,00:00:00,565.9000000,573.7000000,555.8000000,571.3000000,5494186
TATN,D,13/04/21,00:00:00,570.7000000,574.0000000,558.5000000,571.0000000,5500275
TATN,D,14/04/21,00:00:00,576.3000000,589.0000000,569.1000000,586.6000000,6156493
TATN,D,15/04/21,00:00:00,580.8000000,587.0000000,574.9000000,584.4000000,4063342
TATN,D,16/04/21,00:00:00,587.8000000,589.6000000,576.5000000,582.1000000,2759620
TATN,D,19/04/21,00:00:00,582.2000000,582.2000000,573.3000000,575.7000000,2252566
TATN,D,20/04/21,00:00:00,578.9000000,582.3000000,563.3000000,568.2000000,4155724
TATN,D,21/04/21,00:00:00,568.4000000,573.3000000,561.2000000,569.6000000,2369077
TATN,D,22/04/21,00:00:00,568.5000000,570.5000000,559.1000000,566.6000000,5153536
TATN,D,23/04/21,00:00:00,568.0000000,571.5000000,562.5000000,571.3000000,2551640
TATN,D,26/04/21,00:00:00,571.4000000,572.7000000,564.2000000,568.4000000,2836575
TATN,D,27/04/21,00:00:00,570.0000000,572.7000000,565.1000000,568.5000000,2657344
TATN,D,28/04/21,00:00:00,566.9000000,566.9000000,527.5000000,529.9000000,19703930
TATN,D,29/04/21,00:00:00,533.4000000,534.2000000,498.9000000,505.2000000,24214411
TATN,D,30/04/21,00:00:00,504.8000000,509.3000000,501.2000000,506.5000000,7860756
TATN,D,04/05/21,00:00:00,508.0000000,519.1000000,507.0000000,514.0000000,6992685
TATN,D,05/05/21,00:00:00,516.1000000,518.4000000,509.6000000,511.1000000,6008283
TATN,D,06/05/21,00:00:00,512.1000000,516.1000000,510.2000000,515.8000000,6062950
TATN,D,07/05/21,00:00:00,516.6000000,518.0000000,508.5000000,512.5000000,4506870
TATN,D,10/05/21,00:00:00,513.0000000,520.5000000,511.2000000,517.1000000,3562288
TATN,D,11/05/21,00:00:00,515.3000000,518.0000000,510.3000000,515.6000000,2660299
TATN,D,12/05/21,00:00:00,515.7000000,516.1000000,510.4000000,510.6000000,3328991
TATN,D,13/05/21,00:00:00,510.2000000,510.4000000,505.1000000,506.2000000,3865666
TATN,D,14/05/21,00:00:00,507.0000000,508.0000000,495.5000000,500.9000000,5206855
TATN,D,17/05/21,00:00:00,501.5000000,506.2000000,497.4000000,505.9000000,3757623
TATN,D,18/05/21,00:00:00,507.4000000,509.9000000,500.0000000,500.4000000,6841996
TATN,D,19/05/21,00:00:00,500.3000000,502.7000000,487.0000000,492.9000000,6152992
TATN,D,20/05/21,00:00:00,494.2000000,494.9000000,480.0000000,483.3000000,6842723
TATN,D,21/05/21,00:00:00,483.0000000,491.0000000,480.6000000,487.7000000,3236314
TATN,D,24/05/21,00:00:00,489.3000000,493.9000000,486.5000000,492.8000000,3201733
TATN,D,25/05/21,00:00:00,493.1000000,493.3000000,484.0000000,485.3000000,3909040
TATN,D,26/05/21,00:00:00,488.3000000,489.5000000,483.1000000,486.4000000,3917445
TATN,D,27/05/21,00:00:00,484.7000000,486.5000000,479.2000000,485.0000000,7973004
TATN,D,28/05/21,00:00:00,485.8000000,492.8000000,485.7000000,492.5000000,5389431
TATN,D,31/05/21,00:00:00,493.1000000,506.8000000,492.6000000,501.1000000,5433424
TATN,D,01/06/21,00:00:00,504.4000000,511.3000000,502.6000000,510.0000000,7416626
TATN,D,02/06/21,00:00:00,511.3000000,518.0000000,507.5000000,518.0000000,7537290
TATN,D,03/06/21,00:00:00,520.6000000,522.8000000,508.0000000,514.2000000,7272861
TATN,D,04/06/21,00:00:00,516.2000000,518.7000000,510.0000000,512.5000000,4771520
TATN,D,07/06/21,00:00:00,512.5000000,517.9000000,509.5000000,517.2000000,2762058
TATN,D,08/06/21,00:00:00,515.6000000,516.9000000,512.4000000,515.3000000,3344348
TATN,D,09/06/21,00:00:00,516.9000000,525.6000000,515.5000000,523.8000000,5978139
TATN,D,10/06/21,00:00:00,523.1000000,524.4000000,517.0000000,519.4000000,4171015
TATN,D,11/06/21,00:00:00,520.3000000,528.2000000,520.0000000,523.4000000,4168339
TATN,D,14/06/21,00:00:00,525.0000000,536.4000000,524.4000000,535.9000000,5087886
TATN,D,15/06/21,00:00:00,536.4000000,538.9000000,531.4000000,537.1000000,4491900
TATN,D,16/06/21,00:00:00,538.4000000,547.0000000,537.6000000,540.6000000,6076345
TATN,D,17/06/21,00:00:00,539.8000000,547.0000000,527.5000000,535.8000000,6422261
TATN,D,18/06/21,00:00:00,533.9000000,538.0000000,520.8000000,526.8000000,10150456
TATN,D,21/06/21,00:00:00,527.0000000,535.4000000,519.5000000,534.8000000,3752440
TATN,D,22/06/21,00:00:00,538.9000000,540.4000000,534.5000000,539.4000000,3097584
TATN,D,23/06/21,00:00:00,542.0000000,544.5000000,539.0000000,540.0000000,2898674
TATN,D,24/06/21,00:00:00,540.1000000,541.6000000,531.0000000,538.3000000,2940232
TATN,D,25/06/21,00:00:00,538.3000000,541.1000000,531.0000000,537.1000000,3352833
TATN,D,28/06/21,00:00:00,539.4000000,542.0000000,529.2000000,530.4000000,2450633
TATN,D,29/06/21,00:00:00,529.2000000,532.0000000,517.0000000,523.8000000,4666734
TATN,D,30/06/21,00:00:00,525.0000000,534.3000000,518.3000000,531.3000000,4716573
TATN,D,01/07/21,00:00:00,533.0000000,543.2000000,528.6000000,537.0000000,6589910
TATN,D,02/07/21,00:00:00,537.3000000,539.3000000,534.0000000,538.3000000,2836151
TATN,D,05/07/21,00:00:00,539.3000000,542.8000000,536.3000000,542.4000000,2506175
TATN,D,06/07/21,00:00:00,542.9000000,551.7000000,538.8000000,539.3000000,6096626
TATN,D,07/07/21,00:00:00,541.6000000,549.2000000,534.5000000,536.4000000,5257856
TATN,D,08/07/21,00:00:00,525.5000000,527.4000000,513.8000000,521.9000000,5649506
TATN,D,09/07/21,00:00:00,519.5000000,524.7000000,515.7000000,519.1000000,3112959
TATN,D,12/07/21,00:00:00,518.3000000,520.0000000,515.2000000,518.6000000,2045281
TATN,D,13/07/21,00:00:00,519.7000000,521.1000000,516.3000000,518.9000000,1828340
TATN,D,14/07/21,00:00:00,518.3000000,522.0000000,516.1000000,516.2000000,3042948
TATN,D,15/07/21,00:00:00,515.6000000,516.0000000,498.7000000,499.6000000,6018672
TATN,D,16/07/21,00:00:00,499.4000000,506.4000000,494.6000000,496.7000000,5004151
TATN,D,19/07/21,00:00:00,495.1000000,496.1000000,479.0000000,483.4000000,8151783
TATN,D,20/07/21,00:00:00,486.5000000,488.5000000,473.7000000,482.1000000,5655981
TATN,D,21/07/21,00:00:00,481.4000000,492.3000000,477.5000000,491.9000000,5206468
TATN,D,22/07/21,00:00:00,492.0000000,493.9000000,486.5000000,490.4000000,3526557
TATN,D,23/07/21,00:00:00,490.8000000,493.8000000,483.4000000,486.0000000,2206217
TATN,D,26/07/21,00:00:00,483.5000000,490.0000000,474.5000000,489.8000000,4388772
TATN,D,27/07/21,00:00:00,486.0000000,490.4000000,484.0000000,487.6000000,2758909
TATN,D,28/07/21,00:00:00,491.0000000,494.8000000,488.0000000,493.7000000,3216972
TATN,D,29/07/21,00:00:00,495.1000000,498.8000000,491.5000000,496.0000000,3592221
TATN,D,30/07/21,00:00:00,493.8000000,496.0000000,485.5000000,488.4000000,5495498
TATN,D,02/08/21,00:00:00,490.4000000,497.7000000,488.8000000,491.2000000,3938737
TATN,D,03/08/21,00:00:00,491.1000000,495.8000000,485.4000000,491.4000000,3997526
TATN,D,04/08/21,00:00:00,492.0000000,494.3000000,488.7000000,490.6000000,3321392
TATN,D,05/08/21,00:00:00,488.0000000,502.5000000,487.5000000,502.0000000,4072268
TATN,D,06/08/21,00:00:00,503.9000000,504.3000000,492.8000000,494.1000000,3912728
TATN,D,09/08/21,00:00:00,491.3000000,496.2000000,487.6000000,494.0000000,3439299
TATN,D,10/08/21,00:00:00,495.9000000,498.9000000,491.5000000,497.3000000,4195458
TATN,D,11/08/21,00:00:00,498.2000000,499.5000000,492.1000000,495.1000000,3453158
TATN,D,12/08/21,00:00:00,495.8000000,499.0000000,494.4000000,498.8000000,2963601
TATN,D,13/08/21,00:00:00,498.8000000,498.8000000,493.7000000,494.5000000,2013545
TATN,D,16/08/21,00:00:00,493.2000000,497.3000000,490.0000000,496.6000000,2608587
TATN,D,17/08/21,00:00:00,495.0000000,502.7000000,493.5000000,500.6000000,4055961
TATN,D,18/08/21,00:00:00,501.5000000,503.8000000,494.2000000,494.6000000,2409443
TATN,D,19/08/21,00:00:00,492.9000000,494.8000000,484.9000000,490.2000000,5266697
TATN,D,20/08/21,00:00:00,490.1000000,490.6000000,485.1000000,488.7000000,2345953
TATN,D,23/08/21,00:00:00,492.0000000,502.5000000,489.8000000,501.6000000,4923089
TATN,D,24/08/21,00:00:00,503.9000000,514.7000000,502.1000000,514.0000000,5797698
TATN,D,25/08/21,00:00:00,514.8000000,516.6000000,509.8000000,513.5000000,4024331
TATN,D,26/08/21,00:00:00,500.2000000,502.2000000,491.5000000,493.0000000,7942999
TATN,D,27/08/21,00:00:00,496.2000000,497.4000000,482.5000000,487.2000000,7463481
TATN,D,30/08/21,00:00:00,487.2000000,492.5000000,487.2000000,489.5000000,2520660
TATN,D,31/08/21,00:00:00,488.9000000,491.0000000,484.3000000,485.1000000,5113951
TATN,D,01/09/21,00:00:00,486.9000000,493.0000000,480.2000000,491.5000000,7152582
TATN,D,02/09/21,00:00:00,491.7000000,492.3000000,485.4000000,488.0000000,4748540
TATN,D,03/09/21,00:00:00,489.1000000,490.5000000,487.7000000,489.2000000,1892882
TATN,D,06/09/21,00:00:00,489.8000000,490.3000000,484.2000000,486.5000000,2742595
TATN,D,07/09/21,00:00:00,487.0000000,487.2000000,478.5000000,480.1000000,4111297
TATN,D,08/09/21,00:00:00,481.1000000,486.0000000,474.0000000,483.3000000,5309929
TATN,D,09/09/21,00:00:00,481.5000000,485.4000000,478.4000000,479.1000000,2670986
TATN,D,10/09/21,00:00:00,481.8000000,483.2000000,478.7000000,480.0000000,2358249
TATN,D,13/09/21,00:00:00,481.3000000,491.4000000,481.3000000,491.4000000,4193361
TATN,D,14/09/21,00:00:00,491.8000000,507.2000000,491.0000000,500.1000000,8733105
TATN,D,15/09/21,00:00:00,500.2000000,512.6000000,500.0000000,510.0000000,6757975
TATN,D,16/09/21,00:00:00,510.1000000,515.6000000,505.1000000,508.7000000,6176881
TATN,D,17/09/21,00:00:00,508.8000000,509.5000000,498.0000000,502.0000000,6193561
TATN,D,20/09/21,00:00:00,497.9000000,499.5000000,486.6000000,487.5000000,3900710
TATN,D,21/09/21,00:00:00,490.8000000,498.4000000,490.2000000,493.3000000,3015167
TATN,D,22/09/21,00:00:00,496.7000000,506.7000000,496.6000000,505.2000000,3512617
TATN,D,23/09/21,00:00:00,507.8000000,509.6000000,499.5000000,507.3000000,3744289
TATN,D,24/09/21,00:00:00,507.8000000,508.0000000,499.6000000,503.7000000,3019194
TATN,D,27/09/21,00:00:00,507.2000000,531.8000000,506.2000000,531.5000000,9948272
TATN,D,28/09/21,00:00:00,534.9000000,546.6000000,524.7000000,524.7000000,12921487
TATN,D,29/09/21,00:00:00,521.9000000,530.5000000,517.2000000,526.9000000,4166728
TATN,D,30/09/21,00:00:00,530.3000000,531.2000000,522.7000000,527.3000000,4996292
TATN,D,01/10/21,00:00:00,524.9000000,533.1000000,522.8000000,532.1000000,2806830
TATN,D,04/10/21,00:00:00,534.0000000,541.7000000,529.1000000,539.9000000,4648244
TATN,D,05/10/21,00:00:00,540.8000000,579.2000000,539.6000000,577.8000000,13496383
TATN,D,06/10/21,00:00:00,581.3000000,587.0000000,553.5000000,564.6000000,10572015
TATN,D,07/10/21,00:00:00,566.4000000,573.9000000,552.6000000,569.3000000,6179019
TATN,D,08/10/21,00:00:00,570.1000000,577.2000000,570.1000000,571.0000000,5696787
TATN,D,11/10/21,00:00:00,559.0000000,569.4000000,558.3000000,565.0000000,3955476
TATN,D,12/10/21,00:00:00,564.5000000,579.1000000,561.6000000,574.4000000,6259453
TATN,D,13/10/21,00:00:00,577.1000000,579.1000000,554.2000000,567.9000000,5218444
TATN,D,14/10/21,00:00:00,571.9000000,572.9000000,562.0000000,564.2000000,3035970
TATN,D,15/10/21,00:00:00,567.1000000,573.0000000,559.0000000,570.5000000,5252629
TATN,D,18/10/21,00:00:00,571.9000000,574.5000000,567.0000000,569.1000000,2353994
TATN,D,19/10/21,00:00:00,570.3000000,573.0000000,565.4000000,573.0000000,2761277
TATN,D,20/10/21,00:00:00,571.8000000,582.0000000,569.1000000,580.7000000,4006212
TATN,D,21/10/21,00:00:00,575.2000000,579.8000000,558.2000000,562.9000000,5019229
TATN,D,22/10/21,00:00:00,561.2000000,570.4000000,559.5000000,562.5000000,2464077
TATN,D,25/10/21,00:00:00,563.5000000,574.2000000,560.3000000,570.2000000,3589443
TATN,D,26/10/21,00:00:00,569.1000000,573.0000000,562.0000000,562.2000000,2939189
TATN,D,27/10/21,00:00:00,562.0000000,562.0000000,544.4000000,546.0000000,4771740
TATN,D,28/10/21,00:00:00,543.9000000,550.0000000,531.3000000,548.7000000,5798944
TATN,D,29/10/21,00:00:00,547.0000000,548.8000000,534.2000000,540.0000000,3039507
TATN,D,01/11/21,00:00:00,540.2000000,553.9000000,537.2000000,552.4000000,2707459
TATN,D,02/11/21,00:00:00,553.0000000,561.4000000,539.9000000,545.2000000,3399477
TATN,D,03/11/21,00:00:00,539.8000000,543.6000000,532.3000000,538.2000000,2567845
TATN,D,05/11/21,00:00:00,536.9000000,545.0000000,533.1000000,543.0000000,3015308
TATN,D,08/11/21,00:00:00,546.9000000,557.7000000,545.1000000,553.4000000,3647425
TATN,D,09/11/21,00:00:00,555.2000000,557.5000000,538.9000000,545.0000000,3153146
TATN,D,10/11/21,00:00:00,547.2000000,555.5000000,538.2000000,542.3000000,3857217
TATN,D,11/11/21,00:00:00,543.2000000,548.9000000,539.6000000,546.1000000,2957696
TATN,D,12/11/21,00:00:00,546.2000000,547.9000000,531.8000000,535.1000000,3941667
TATN,D,15/11/21,00:00:00,532.4000000,540.0000000,528.2000000,533.2000000,3784751
TATN,D,16/11/21,00:00:00,536.0000000,542.0000000,533.7000000,536.0000000,3879353
TATN,D,17/11/21,00:00:00,535.0000000,539.0000000,527.1000000,529.6000000,2808361
TATN,D,18/11/21,00:00:00,525.8000000,527.3000000,515.3000000,519.9000000,3882593
TATN,D,19/11/21,00:00:00,523.7000000,525.0000000,499.6000000,500.3000000,4648366
TATN,D,22/11/21,00:00:00,501.3000000,505.3000000,483.9000000,489.0000000,7054658
TATN,D,23/11/21,00:00:00,489.0000000,498.9000000,483.5000000,497.5000000,7524288
TATN,D,24/11/21,00:00:00,499.0000000,502.2000000,488.6000000,498.4000000,4606873
TATN,D,25/11/21,00:00:00,499.3000000,504.3000000,488.3000000,489.6000000,3484985
TATN,D,26/11/21,00:00:00,478.0000000,480.7000000,458.0000000,461.3000000,8391396
TATN,D,29/11/21,00:00:00,469.4000000,479.0000000,468.1000000,470.6000000,5517032
TATN,D,30/11/21,00:00:00,464.2000000,477.6000000,461.0000000,473.3000000,9235637
TATN,D,01/12/21,00:00:00,476.4000000,490.5000000,475.2000000,477.9000000,4934174
TATN,D,02/12/21,00:00:00,482.7000000,504.0000000,481.2000000,503.6000000,7358098
TATN,D,03/12/21,00:00:00,505.0000000,505.9000000,491.6000000,495.9000000,4660635
TATN,D,06/12/21,00:00:00,498.0000000,501.5000000,485.5000000,492.1000000,3514123
TATN,D,07/12/21,00:00:00,492.2000000,503.6000000,491.5000000,501.1000000,3740919
TATN,D,08/12/21,00:00:00,503.4000000,504.5000000,489.0000000,496.5000000,5110578
TATN,D,09/12/21,00:00:00,497.1000000,498.6000000,489.5000000,493.9000000,2821477
TATN,D,10/12/21,00:00:00,493.9000000,494.5000000,483.1000000,484.5000000,2559096
TATN,D,13/12/21,00:00:00,488.9000000,490.4000000,454.5000000,455.6000000,5162589
TATN,D,14/12/21,00:00:00,456.0000000,466.8000000,427.0000000,464.8000000,6237286
TATN,D,15/12/21,00:00:00,464.6000000,480.0000000,462.1000000,479.3000000,4383993
TATN,D,16/12/21,00:00:00,480.2000000,489.0000000,476.2000000,483.1000000,5724765
TATN,D,17/12/21,00:00:00,482.2000000,489.8000000,479.4000000,487.6000000,5813887
TATN,D,20/12/21,00:00:00,481.1000000,484.9000000,474.5000000,481.4000000,3981178
TATN,D,21/12/21,00:00:00,487.3000000,488.9000000,478.3000000,484.2000000,2602090
TATN,D,22/12/21,00:00:00,485.1000000,493.5000000,482.3000000,489.0000000,2944564
TATN,D,23/12/21,00:00:00,491.3000000,493.2000000,480.5000000,483.9000000,2585735
TATN,D,24/12/21,00:00:00,484.4000000,484.9000000,474.0000000,482.0000000,1985558
TATN,D,27/12/21,00:00:00,481.7000000,491.8000000,480.4000000,490.4000000,1653545
TATN,D,28/12/21,00:00:00,490.5000000,500.0000000,489.0000000,496.4000000,2297184
TATN,D,29/12/21,00:00:00,497.0000000,498.7000000,491.2000000,495.0000000,1729731
TATN,D,30/12/21,00:00:00,495.8000000,504.0000000,492.7000000,502.0000000,1778671
